<?xml version="1.0" encoding="UTF-8"?>
<beans xmlns="http://www.springframework.org/schema/beans"
	xmlns:p="http://www.springframework.org/schema/p" xmlns:xsi="http://www.w3.org/2001/XMLSchema-instance"
	xmlns:context="http://www.springframework.org/schema/context"
	xmlns:jee="http://www.springframework.org/schema/jee" xmlns:jms="http://www.springframework.org/schema/jms"
	xmlns:lang="http://www.springframework.org/schema/lang" xmlns:util="http://www.springframework.org/schema/util"
	xsi:schemaLocation="http://www.springframework.org/schema/beans http://www.springframework.org/schema/beans/spring-beans-3.0.xsd
		http://www.springframework.org/schema/context http://www.springframework.org/schema/context/spring-context-3.0.xsd
		http://www.springframework.org/schema/jee http://www.springframework.org/schema/jee/spring-jee-3.0.xsd
		http://www.springframework.org/schema/jms http://www.springframework.org/schema/jms/spring-jms-3.0.xsd
		http://www.springframework.org/schema/lang http://www.springframework.org/schema/lang/spring-lang-3.0.xsd
		http://www.springframework.org/schema/util http://www.springframework.org/schema/util/spring-util-3.0.xsd">


	<!-- A connection to ActiveMQ -->
	<bean id="amqConnectionFactory" class="org.apache.activemq.ActiveMQConnectionFactory"
		p:brokerURL="tcp://messaging.innowhite.com:61616" />


	<!-- A cached connection to wrap the ActiveMQ connection -->
	<bean id="cachedConnectionFactory"
		class="org.springframework.jms.connection.CachingConnectionFactory"
		p:targetConnectionFactory-ref="amqConnectionFactory"
		p:sessionCacheSize="10" />


	<!-- A destination for Video in ActiveMQ -->
	<bean id="VideoStatusDestination" class="org.apache.activemq.command.ActiveMQQueue">
		<constructor-arg value="Innowhite.AudioVideoData" />
	</bean>
	
	<bean id="videoProducerTemplate" class="org.springframework.jms.core.JmsTemplate"
		p:connectionFactory-ref="cachedConnectionFactory"
		p:defaultDestination-ref="VideoStatusDestination" />
	
	<bean id="videoMessageService" class="com.innowhite.red5.stream.messaging.VideoStreamStatusMsgProducer">
		<property name="jmsTemplate" ref="videoProducerTemplate"></property>

	</bean>

	<bean name="streamTopicListener"
		class="com.innowhite.red5.stream.messaging.VideoStreamNameListener" />

	<jms:listener-container connection-factory="cachedConnectionFactory"
		cache="none" destination-type="topic">
		<jms:listener destination="Innowhite.videoSecurity" ref="streamTopicListener" />
	</jms:listener-container>

</beans>
