<?xml version="1.0" encoding="UTF-8" ?>
<beans xmlns="http://www.springframework.org/schema/beans"
	xmlns:xsi="http://www.w3.org/2001/XMLSchema-instance" xmlns:lang="http://www.springframework.org/schema/lang"
	xsi:schemaLocation="http://www.springframework.org/schema/beans http://www.springframework.org/schema/beans/spring-beans-3.0.xsd                            
    http://www.springframework.org/schema/lang http://www.springframework.org/schema/lang/spring-lang-3.0.xsd">


	<!-- <import resource="messagingContext.xml" /> -->

	<bean id="placeholderConfig"
		class="org.springframework.beans.factory.config.PropertyPlaceholderConfigurer">
		<property name="location" value="/WEB-INF/red5-web.properties" />
	</bean>

	<bean id="web.context" class="org.red5.server.Context" autowire="byType" />

	<bean id="web.scope" class="org.red5.server.WebScope" init-method="register">
		<property name="server" ref="red5.server" />
		<property name="parent" ref="global.scope" />
		<property name="context" ref="web.context" />
		<property name="handler" ref="web.handler" />
		<property name="contextPath" value="${webapp.contextPath}" />
		<property name="virtualHosts" value="${webapp.virtualHosts}" />
	</bean>


	<bean id="deskshare.service" class="com.innowhite.red5.stream.VideoService">

	</bean>


	<bean id="web.handler" class="com.innowhite.red5.stream.Application">

		<!-- <property name="messagingService" ref="messagingService" />  -->
		<property name="recordPath" value="${recordPath}" />
		<property name="enableSecurity" value="{enableSecurity}" />

		<property name="plugins">
			<list>
				<!-- <bean class="org.red5.server.plugin.PluginDescriptor"> <property 
					name="pluginName" value="authPlugin"/> <property name="pluginType" value="org.red5.server.plugin.auth.AuthPlugin"/> 
					<property name="method" value="getRed5AuthenticationHandler"/> <property 
					name="methodReturnType" value="org.red5.server.plugin.auth.Red5AuthenticationHandler"/> 
					</bean> -->
				<!-- Using FMS-style authentication <bean class="org.red5.server.plugin.PluginDescriptor"> 
					<property name="pluginName" value="authPlugin"/> <property name="pluginType" 
					value="org.red5.server.plugin.auth.AuthPlugin"/> <property name="method" 
					value="getFMSAuthenticationHandler"/> <property name="methodReturnType" value="org.red5.server.plugin.auth.FMSAuthenticationHandler"/> 
					</bean> -->
				<!-- Security plug-ins <bean class="org.red5.server.plugin.PluginDescriptor"> 
					<property name="pluginName" value="securityPlugin"/> <property name="pluginType" 
					value="org.red5.server.plugin.security.SecurityPlugin"/> <property name="method" 
					value="getPlaybackSecurityHandler"/> <property name="methodReturnType" value="org.red5.server.plugin.security.PlaybackSecurityHandler"/> 
					</bean> <bean class="org.red5.server.plugin.PluginDescriptor"> <property 
					name="pluginName" value="securityPlugin"/> <property name="pluginType" value="org.red5.server.plugin.security.SecurityPlugin"/> 
					<property name="method" value="getPublishSecurityHandler"/> <property name="methodReturnType" 
					value="org.red5.server.plugin.security.PublishSecurityHandler"/> </bean> -->
				<!-- <bean class="org.red5.server.plugin.PluginDescriptor"> <property 
					name="pluginName" value="securityPlugin"/> <property name="pluginType" value="org.red5.server.plugin.security.SecurityPlugin"/> 
					<property name="method" value="getSharedObjectSecurityHandler"/> <property 
					name="methodReturnType" value="org.red5.server.plugin.security.SharedObjectSecurityHandler"/> 
					<property name="properties"> <map> <entry> <key><value>sharedObjectNames</value></key> 
					<value>file:///path/to/allowedSharedObjectNames.txt</value> </entry> <entry> 
					<key><value>enableSharedObjects</value></key> <value>true</value> </entry> 
					<entry> <key><value>connectionAllowed</value></key> <value>true</value> </entry> 
					<entry> <key><value>creationAllowed</value></key> <value>true</value> </entry> 
					<entry> <key><value>deleteAllowed</value></key> <value>true</value> </entry> 
					<entry> <key><value>sendAllowed</value></key> <value>true</value> </entry> 
					<entry> <key><value>writeAllowed</value></key> <value>true</value> </entry> 
					</map> </property> </bean> -->
				<!-- Simple example plugin <bean class="org.red5.server.plugin.PluginDescriptor"> 
					<property name="pluginName" value="examplePlugin"/> <property name="pluginType" 
					value="org.red5.server.plugin.example.ExamplePlugin"/> </bean> -->
			</list>
		</property>
	</bean>


	<!-- <bean id="messagingService" class="com.innowhite.red5.stream.messaging.MessagingService">
		<property name="videoMessageService">
			<ref bean="videoMessageService" />
		</property>
	</bean> -->


	<bean id="streamFilenameGenerator" class="com.innowhite.red5.stream.CustomFilenameGenerator">
		<property name="recordPath" value="${recordPath}" />
		<property name="playbackPath" value="${playbackPath}" />
	<!-- <property name="messagingService" ref="messagingService" /> -->
	</bean>

	<!-- <bean id="streamFilenameGenerator" -->
	<!-- class="org.red5.server.webapp.oflaDemo.CustomFilenameGenerator" > -->
	<!-- <property name="recordPath" value="${recordPath}" /> -->
	<!-- <property name="playbackPath" value="${playbackPath}" /> -->
	<!-- <property name="absolutePath" value="${absolutePath}" /> -->

	<!-- </bean> -->


</beans>
